Workbook
Name Slicer_Genre: #N/A
Name Slicer_Platform: #N/A
Name Slicer_Publisher: #N/A

Sheet Dashboard
Z1: Total count of games
Z2: =COUNTA(GmsTbl[Game_Title]) -> 1000
B3: TOTAL GAMES | E3: TOTAL SALES | H3: AVERAGE SALES | K3: TOP GAME | N3: TOP GENRE | Q3: TOP PLATFORM | Z3: Sum of sales
B4: =COUNTA(GmsTbl[Game_Title]) -> 1000 | E4: =SUM(GmsTbl[Global_Sales_Millions]) -> 898.52 | H4: =AVERAGE(GmsTbl[Global_Sales_Millions]) -> 0.89852 | K4: =INDEX(GmsTbl[Game_Title],MATCH(MAX(GmsTbl[Global_Sales_Millions]),GmsTbl[Global_Sales_Millions],0)) -> World Adventure 495 | N4: =INDEX('Pivot Tables'!D3:D12,MATCH(MAX('Pivot Tables'!E3:E12),'Pivot Tables'!E3:E12,0)) -> #N/A | Q4: =INDEX('Pivot Tables'!A3:A9,MATCH(MAX('Pivot Tables'!B3:B9),'Pivot Tables'!B3:B9,0)) -> #N/A | Z4: =SUM(GmsTbl[Global_Sales_Millions]) -> 898.52
Z5: average Sales
Z6: =GETPIVOTDATA("Global_Sales_Millions",'Pivot Tables'!$J$12) -> 0.89852
Z7: Top Game
Z8: ='Pivot Tables'!K38 -> World Adventure 495
Z9: TopGener
Z10: ='Pivot Tables'!D88 -> 0

Sheet Pivot Tables
A3: #VALUE!
N4: Count of Game_Title
N5: 1000
J9: Sum of Global_Sales_Millions
J10: 898.52
J12: Average of Global_Sales_Millions
J13: 0.89852
A15: Sum of Global_Sales_Millions | B15: Column Labels
A16: Row Labels | B16: Action | C16: Adventure | D16: Fighting | E16: Platform | F16: Racing | G16: RPG | H16: Shooter | I16: Simulation | J16: Sports | K16: Strategy | L16: Grand Total
A17: PS Vita | B17: 6.16 | C17: 3.91 | D17: 7.11 | E17: 4.46 | F17: 6.95 | G17: 2.84 | H17: 9.14 | I17: 7.89 | J17: 10.13 | K17: 9.8 | L17: 68.39
A18: PS1 | B18: 7.4 | C18: 3.51 | D18: 8.64 | E18: 7.36 | F18: 12.88 | G18: 8.14 | H18: 17.81 | I18: 11.61 | J18: 8.53 | K18: 10.22 | L18: 96.1
A19: PS2 | B19: 11.71 | C19: 11.47 | D19: 15.85 | E19: 11.03 | F19: 11.91 | G19: 16.56 | H19: 10.79 | I19: 19.05 | J19: 23.59 | K19: 15.72 | L19: 147.68
A20: PS3 | B20: 28.51 | C20: 22.32 | D20: 20.84 | E20: 11.45 | F20: 13.08 | G20: 12.09 | H20: 5.7 | I20: 14.74 | J20: 16.57 | K20: 14.95 | L20: 160.25
A21: PS4 | B21: 40.77 | C21: 30.28 | D21: 5.19 | E21: 13.6 | F21: 5.82 | G21: 11.47 | H21: 20.18 | I21: 20.77 | J21: 34.02 | K21: 14.51 | L21: 196.61
A22: PS5 | B22: 21.09 | C22: 15.12 | D22: 10.85 | E22: 8.03 | F22: 9.74 | G22: 15.03 | H22: 17.56 | I22: 3.39 | J22: 18.17 | K22: 11 | L22: 129.98
A23: PSP | B23: 4.48 | C23: 8.11 | D23: 10.75 | E23: 16.64 | F23: 4.17 | G23: 9.64 | H23: 12.62 | I23: 8.2 | J23: 17.59 | K23: 7.31 | L23: 99.51
A24: Grand Total | B24: 120.12 | C24: 94.72 | D24: 79.23 | E24: 72.57 | F24: 64.55 | G24: 75.77 | H24: 93.8 | I24: 85.65 | J24: 128.6 | K24: 83.51 | L24: 898.52
A27: Row Labels | B27: Sum of North_America_Sales_Millions | C27: Sum of Europe_Sales_Millions | D27: Sum of Japan_Sales_Millions | E27: Sum of Other_Sales_Millions
A28: PS Vita | B28: 30.91 | C28: 18.02 | D28: 8.14 | E28: 11.32
A29: PS1 | B29: 43.34 | C29: 26.14 | D29: 11.59 | E29: 15.03
A30: PS2 | B30: 67.41 | C30: 40.13 | D30: 18.41 | E30: 21.73
A31: PS3 | B31: 71.69 | C31: 44.11 | D31: 19.25 | E31: 25.2
A32: PS4 | B32: 88.93 | C32: 53.33 | D32: 24.62 | E32: 29.73
A33: PS5 | B33: 57.59 | C33: 35.57 | D33: 16.47 | E33: 20.35
A34: PSP | B34: 44.01 | C34: 27.31 | D34: 11.86 | E34: 16.33
A35: Grand Total | B35: 403.88 | C35: 244.61 | D35: 110.34 | E35: 139.69
K37: Row Labels | L37: Sum of Global_Sales_Millions
A38: Sum of Global_Sales_Millions | B38: Column Labels | K38: World Adventure 495 | L38: 15.04
A39: Row Labels | B39: PS Vita | C39: PS1 | D39: PS2 | E39: PS3 | F39: PS4 | G39: PS5 | H39: PSP | I39: Grand Total | K39: Dark Football 728 | L39: 13.3
A40: 1995 | C40: 8.59 | I40: 8.59 | K40: World Football 100 | L40: 10.61
A41: 1996 | C41: 15.94 | I41: 15.94 | K41: God of War | L41: 10.18
A42: 1997 | C42: 15.5 | I42: 15.5 | K42: Chronicles Strike 750 | L42: 10.02
A43: 1998 | C43: 17.48 | I43: 17.48 | K43: Chronicles Kingdom 424 | L43: 7.21
A44: 1999 | C44: 19.95 | I44: 19.95 | K44: Dark Kingdom 647 | L44: 7.07
A45: 2000 | C45: 18.64 | D45: 15.38 | I45: 34.02 | K45: Pro Arena 841 | L45: 6
A46: 2001 | D46: 21.89 | I46: 21.89 | K46: Warriors War 194 | L46: 5.86
A47: 2002 | D47: 19.69 | I47: 19.69 | K47: Legends Football 960 | L47: 5.6
A48: 2003 | D48: 18.94 | I48: 18.94 | K48: World Football 696 | L48: 5.43
A49: 2004 | D49: 15.79 | H49: 8.86 | I49: 24.65 | K49: Extreme Quest 255 | L49: 4.77
A50: 2005 | D50: 27.66 | H50: 4.29 | I50: 31.95 | K50: Extreme Arena 783 | L50: 4.69
A51: 2006 | D51: 28.33 | E51: 32.08 | H51: 8.22 | I51: 68.63 | K51: Extreme Quest 737 | L51: 4.37
A52: 2007 | E52: 16.89 | H52: 3.17 | I52: 20.06 | K52: Final Strike 562 | L52: 4.25
A53: 2008 | E53: 16.47 | H53: 9.03 | I53: 25.5 | K53: Chronicles Adventure 526 | L53: 4.14
A54: 2009 | E54: 16.98 | H54: 24.94 | I54: 41.92 | K54: Warriors Heroes 46 | L54: 4.09
A55: 2010 | E55: 16.75 | H55: 6.97 | I55: 23.72 | K55: Warriors Kingdom 861 | L55: 4.06
A56: 2011 | B56: 5.08 | E56: 13.55 | H56: 12.92 | I56: 31.55 | K56: Champions Arena 332 | L56: 4.06
A57: 2012 | B57: 4.42 | E57: 20.38 | H57: 12.24 | I57: 37.04 | K57: Extreme Adventure 45 | L57: 4.01
A58: 2013 | B58: 6.67 | E58: 27.15 | F58: 19.81 | H58: 3.89 | I58: 57.52 | K58: Warriors War 259 | L58: 3.98
A59: 2014 | B59: 10.67 | F59: 8.32 | H59: 4.98 | I59: 23.97 | K59: Legends War 818 | L59: 3.88
A60: 2015 | B60: 7.5 | F60: 17.74 | I60: 25.24 | K60: The Last of Us Part II | L60: 3.87
A61: 2016 | B61: 3.89 | F61: 11.14 | I61: 15.03 | K61: Pro Heroes 945 | L61: 3.87
A62: 2017 | B62: 7.34 | F62: 42.19 | I62: 49.53 | K62: Dark Strike 370 | L62: 3.85
A63: 2018 | B63: 9.84 | F63: 41.28 | I63: 51.12 | K63: Red Dead Redemption 2 | L63: 3.83
A64: 2019 | B64: 12.98 | F64: 17.86 | I64: 30.84 | K64: Gran Turismo 4 | L64: 3.83
A65: 2020 | F65: 30.98 | G65: 15.63 | I65: 46.61 | K65: Pro Arena 748 | L65: 3.69
A66: 2021 | F66: 7.29 | G66: 22.52 | I66: 29.81 | K66: Chronicles Football 429 | L66: 3.66
A67: 2022 | G67: 28.71 | I67: 28.71 | K67: Champions Arena 470 | L67: 3.64
A68: 2023 | G68: 11.62 | I68: 11.62 | K68: Warriors Football 482 | L68: 3.47
A69: 2024 | G69: 16.89 | I69: 16.89 | K69: Champions Strike 712 | L69: 3.43
A70: 2025 | G70: 19.06 | I70: 19.06 | K70: Final Heroes 128 | L70: 3.42
A71: 2026 | G71: 15.55 | I71: 15.55 | K71: Extreme Quest 99 | L71: 3.41
A72: Grand Total | B72: 68.39 | C72: 96.1 | D72: 147.68 | E72: 160.25 | F72: 196.61 | G72: 129.98 | H72: 99.51 | I72: 898.52 | K72: Chronicles War 296 | L72: 3.41
K73: Extreme Football 822 | L73: 3.4
K74: Dark Battle 44 | L74: 3.37
A75: Row Labels | B75: Sum of North_America_Sales_Millions | C75: Sum of Europe_Sales_Millions | D75: Sum of Japan_Sales_Millions | E75: Sum of Other_Sales_Millions | K75: Chronicles Quest 35 | L75: 3.35
A76: Action | B76: 50.12 | C76: 32.23 | D76: 14.61 | E76: 23.16 | K76: Champions Heroes 819 | L76: 3.26
A77: Adventure | B77: 43.2 | C77: 26.58 | D77: 11.74 | E77: 13.2 | K77: Chronicles Strike 870 | L77: 3.24
A78: Fighting | B78: 37.47 | C78: 21.51 | D78: 9.55 | E78: 10.7 | K78: Extreme Kingdom 56 | L78: 3.09
A79: Platform | B79: 32.43 | C79: 19.6 | D79: 8.96 | E79: 11.58 | K79: Champions Arena 233 | L79: 2.92
A80: Racing | B80: 28.82 | C80: 17.89 | D80: 7.72 | E80: 10.12 | K80: Pro Racer 570 | L80: 2.9
A81: RPG | B81: 34.36 | C81: 21.36 | D81: 9.18 | E81: 10.87 | K81: Ultimate Football 673 | L81: 2.83
A82: Shooter | B82: 41.02 | C82: 25.83 | D82: 12.46 | E82: 14.49 | K82: Dark Racer 107 | L82: 2.81
A83: Simulation | B83: 38.99 | C83: 23 | D83: 10.21 | E83: 13.45 | K83: Dark Racer 621 | L83: 2.81
A84: Sports | B84: 59.01 | C84: 34.24 | D84: 14.88 | E84: 20.47 | K84: Final Adventure 964 | L84: 2.79
A85: Strategy | B85: 38.46 | C85: 22.37 | D85: 11.03 | E85: 11.65 | K85: Chronicles Heroes 982 | L85: 2.77
A86: Grand Total | B86: 403.88 | C86: 244.61 | D86: 110.34 | E86: 139.69 | K86: Legends Heroes 953 | L86: 2.74
K87: Extreme Arena 588 | L87: 2.72
K88: Extreme Quest 620 | L88: 2.7
A89: Row Labels | B89: Sum of Global_Sales_Millions | K89: Pro Adventure 1000 | L89: 2.69
A90: Chronicles Kingdom 424 | B90: 7.21 | K90: Pro Adventure 594 | L90: 2.67
A91: PS4 | B91: 7.21 | K91: FIFA 23 | L91: 2.65
A92: Action | B92: 7.21 | K92: Extreme Strike 739 | L92: 2.63
A93: Chronicles Strike 750 | B93: 10.02 | K93: Legends Battle 313 | L93: 2.63
A94: PS4 | B94: 10.02 | K94: Legends Football 834 | L94: 2.62
A95: Adventure | B95: 10.02 | K95: Ultimate Battle 327 | L95: 2.57
A96: Dark Football 728 | B96: 13.3 | K96: Pro Quest 639 | L96: 2.56
A97: PS4 | B97: 13.3 | K97: Ultimate Heroes 291 | L97: 2.56
A98: Sports | B98: 13.3 | K98: Final Arena 781 | L98: 2.54
A99: Dark Kingdom 647 | B99: 7.07 | K99: Warriors Racer 943 | L99: 2.5
A100: PS5 | B100: 7.07 | K100: Final Kingdom 117 | L100: 2.48
A101: Sports | B101: 7.07 | K101: World Arena 591 | L101: 2.46
... A120: Grand Total | B120: 90.89 | K120: Final Kingdom 448 | L120: 2.05
K121: Final Quest 455 | L121: 2.05
K122: Ultimate Adventure 472 | L122: 2.04
K123: Legends Battle 442 | L123: 2.04
K124: Ultimate Quest 947 | L124: 2.02
K125: Dark Adventure 520 | L125: 2.01
K126: Chronicles Kingdom 801 | L126: 2
K127: Dark Battle 295 | L127: 1.99
K128: World Arena 745 | L128: 1.98
...

Sheet PlayStation Games
A1: Game_ID | B1: Game_Title | C1: Platform | D1: Genre | E1: Publisher | F1: Release_Year | G1: Critic_Rating | H1: Global_Sales_Millions | I1: North_America_Sales_Millions | J1: Europe_Sales_Millions | K1: Japan_Sales_Millions | L1: Other_Sales_Millions | M1: Sales_Category | N1: Ratings by Category
A2: 1 | B2: Grand Theft Auto V | C2: PS3 | D2: Action | E2: Take-Two Interactive | F2: 2013 | G2: 97 | H2: 0.74 | I2: 0.3 | J2: 0.17 | K2: 0.12 | L2: 0.15 | M2: Medium | N2: {=_xlfn.IFS(G2>=90,"Excellent",G2>=80,"Good",G2>=70,"Average",G2<70,"Poor")} -> Excellent | P2: id | Q2: title
A3: 2 | B3: God of War | C3: PS4 | D3: Action | E3: Sony Computer Entertainment | F3: 2018 | G3: 94 | H3: 10.18 | I3: 3.74 | J3: 2.68 | K3: 0.55 | L3: 3.21 | M3: Blockbuster | N3: {=_xlfn.IFS(G3>=90,"Excellent",G3>=80,"Good",G3>=70,"Average",G3<70,"Poor")} -> Excellent | P3: 1
A4: 3 | B4: God of War Ragnarök | C4: PS5 | D4: Action | E4: Sony Computer Entertainment | F4: 2022 | G4: 94 | H4: 0.31 | I4: 0.11 | J4: 0.07 | K4: 0.05 | L4: 0.08 | M4: Low | N4: {=_xlfn.IFS(G4>=90,"Excellent",G4>=80,"Good",G4>=70,"Average",G4<70,"Poor")} -> Excellent
A5: 4 | B5: The Last of Us | C5: PS3 | D5: Action | E5: Sony Computer Entertainment | F5: 2013 | G5: 95 | H5: 0.64 | I5: 0.3 | J5: 0.21 | K5: 0.03 | L5: 0.1 | M5: Medium | N5: {=_xlfn.IFS(G5>=90,"Excellent",G5>=80,"Good",G5>=70,"Average",G5<70,"Poor")} -> Excellent
A6: 5 | B6: The Last of Us Part II | C6: PS4 | D6: Action | E6: Sony Computer Entertainment | F6: 2020 | G6: 93 | H6: 3.87 | I6: 1.62 | J6: 0.86 | K6: 0.75 | L6: 0.64 | M6: High | N6: {=_xlfn.IFS(G6>=90,"Excellent",G6>=80,"Good",G6>=70,"Average",G6<70,"Poor")} -> Excellent
A7: 6 | B7: Gran Turismo 7 | C7: PS5 | D7: Racing | E7: Sony Computer Entertainment | F7: 2022 | G7: 87 | H7: 0.56 | I7: 0.21 | J7: 0.18 | K7: 0.08 | L7: 0.09 | M7: Medium | N7: {=_xlfn.IFS(G7>=90,"Excellent",G7>=80,"Good",G7>=70,"Average",G7<70,"Poor")} -> Good
A8: 7 | B8: Gran Turismo 4 | C8: PS2 | D8: Racing | E8: Sony Computer Entertainment | F8: 2004 | G8: 89 | H8: 3.83 | I8: 1.75 | J8: 1.33 | K8: 0.41 | L8: 0.34 | M8: High | N8: {=_xlfn.IFS(G8>=90,"Excellent",G8>=80,"Good",G8>=70,"Average",G8<70,"Poor")} -> Good
A9: 8 | B9: Uncharted 4: A Thief's End | C9: PS4 | D9: Adventure | E9: Sony Computer Entertainment | F9: 2016 | G9: 93 | H9: 1.3 | I9: 0.62 | J9: 0.43 | K9: 0.18 | L9: 0.07 | M9: Medium | N9: {=_xlfn.IFS(G9>=90,"Excellent",G9>=80,"Good",G9>=70,"Average",G9<70,"Poor")} -> Excellent
A10: 9 | B10: Spider-Man | C10: PS4 | D10: Action | E10: Sony Computer Entertainment | F10: 2018 | G10: 87 | H10: 1.13 | I10: 0.45 | J10: 0.28 | K10: 0.07 | L10: 0.33 | M10: Medium | N10: {=_xlfn.IFS(G10>=90,"Excellent",G10>=80,"Good",G10>=70,"Average",G10<70,"Poor")} -> Good
A11: 10 | B11: Spider-Man: Miles Morales | C11: PS5 | D11: Action | E11: Sony Computer Entertainment | F11: 2020 | G11: 85 | H11: 0.47 | I11: 0.19 | J11: 0.14 | K11: 0.05 | L11: 0.09 | M11: Low | N11: {=_xlfn.IFS(G11>=90,"Excellent",G11>=80,"Good",G11>=70,"Average",G11<70,"Poor")} -> Good
A12: 11 | B12: Horizon Zero Dawn | C12: PS4 | D12: RPG | E12: Sony Computer Entertainment | F12: 2017 | G12: 89 | H12: 0.63 | I12: 0.25 | J12: 0.21 | K12: 0.09 | L12: 0.08 | M12: Medium | N12: {=_xlfn.IFS(G12>=90,"Excellent",G12>=80,"Good",G12>=70,"Average",G12<70,"Poor")} -> Good
A13: 12 | B13: Ghost of Tsushima | C13: PS4 | D13: Action | E13: Sony Computer Entertainment | F13: 2020 | G13: 83 | H13: 0.99 | I13: 0.49 | J13: 0.22 | K13: 0.11 | L13: 0.17 | M13: Medium | N13: {=_xlfn.IFS(G13>=90,"Excellent",G13>=80,"Good",G13>=70,"Average",G13<70,"Poor")} -> Good
A14: 13 | B14: Bloodborne | C14: PS4 | D14: RPG | E14: Sony Computer Entertainment | F14: 2015 | G14: 92 | H14: 1.07 | I14: 0.55 | J14: 0.34 | K14: 0.09 | L14: 0.09 | M14: Medium | N14: {=_xlfn.IFS(G14>=90,"Excellent",G14>=80,"Good",G14>=70,"Average",G14<70,"Poor")} -> Excellent
A15: 14 | B15: Final Fantasy VII Remake | C15: PS4 | D15: RPG | E15: Square Enix | F15: 2020 | G15: 87 | H15: 0.28 | I15: 0.11 | J15: 0.06 | K15: 0.05 | L15: 0.06 | M15: Low | N15: {=_xlfn.IFS(G15>=90,"Excellent",G15>=80,"Good",G15>=70,"Average",G15<70,"Poor")} -> Good
... A1001: 1000 | B1001: Pro Adventure 1000 | C1001: PS3 | D1001: Platform | E1001: Sony Computer Entertainment | F1001: 2009 | G1001: 65 | H1001: 2.69 | I1001: 1.44 | J1001: 0.74 | K1001: 0.51 | L1001: 0 | M1001: High | N1001: {=_xlfn.IFS(G1001>=90,"Excellent",G1001>=80,"Good",G1001>=70,"Average",G1001<70,"Poor")} -> Poor

Sheet OG Dataset
A1: Game_ID | B1: Game_Title | C1: Platform | D1: Genre | E1: Publisher | F1: Release_Year | G1: Critic_Rating | H1: Global_Sales_Millions | I1: North_America_Sales_Millions | J1: Europe_Sales_Millions | K1: Japan_Sales_Millions | L1: Other_Sales_Millions | M1: Sales_Category | N1: Rating_Category
A2: 1 | B2: Grand Theft Auto V | C2: PS3 | D2: Action | E2: Take-Two Interactive | F2: 2013 | G2: 97 | H2: 0.74 | I2: 0.3 | J2: 0.17 | K2: 0.12 | L2: 0.15 | M2: Medium | N2: Excellent
A3: 2 | B3: God of War | C3: PS4 | D3: Action | E3: Sony Computer Entertainment | F3: 2018 | G3: 94 | H3: 10.18 | I3: 3.74 | J3: 2.68 | K3: 0.55 | L3: 3.21 | M3: Blockbuster | N3: Excellent
A4: 3 | B4: God of War Ragnarök | C4: PS5 | D4: Action | E4: Sony Computer Entertainment | F4: 2022 | G4: 94 | H4: 0.31 | I4: 0.11 | J4: 0.07 | K4: 0.05 | L4: 0.08 | M4: Low | N4: Excellent
A5: 4 | B5: The Last of Us | C5: PS3 | D5: Action | E5: Sony Computer Entertainment | F5: 2013 | G5: 95 | H5: 0.64 | I5: 0.3 | J5: 0.21 | K5: 0.03 | L5: 0.1 | M5: Medium | N5: Excellent
A6: 5 | B6: The Last of Us Part II | C6: PS4 | D6: Action | E6: Sony Computer Entertainment | F6: 2020 | G6: 93 | H6: 3.87 | I6: 1.62 | J6: 0.86 | K6: 0.75 | L6: 0.64 | M6: High | N6: Excellent
A7: 6 | B7: Gran Turismo 7 | C7: PS5 | D7: Racing | E7: Sony Computer Entertainment | F7: 2022 | G7: 87 | H7: 0.56 | I7: 0.21 | J7: 0.18 | K7: 0.08 | L7: 0.09 | M7: Medium | N7: Good
A8: 7 | B8: Gran Turismo 4 | C8: PS2 | D8: Racing | E8: Sony Computer Entertainment | F8: 2004 | G8: 89 | H8: 3.83 | I8: 1.75 | J8: 1.33 | K8: 0.41 | L8: 0.34 | M8: High | N8: Good
A9: 8 | B9: Uncharted 4: A Thief's End | C9: PS4 | D9: Adventure | E9: Sony Computer Entertainment | F9: 2016 | G9: 93 | H9: 1.3 | I9: 0.62 | J9: 0.43 | K9: 0.18 | L9: 0.07 | M9: Medium | N9: Excellent
A10: 9 | B10: Spider-Man | C10: PS4 | D10: Action | E10: Sony Computer Entertainment | F10: 2018 | G10: 87 | H10: 1.13 | I10: 0.45 | J10: 0.28 | K10: 0.07 | L10: 0.33 | M10: Medium | N10: Good
A11: 10 | B11: Spider-Man: Miles Morales | C11: PS5 | D11: Action | E11: Sony Computer Entertainment | F11: 2020 | G11: 85 | H11: 0.47 | I11: 0.19 | J11: 0.14 | K11: 0.05 | L11: 0.09 | M11: Low | N11: Good
A12: 11 | B12: Horizon Zero Dawn | C12: PS4 | D12: RPG | E12: Sony Computer Entertainment | F12: 2017 | G12: 89 | H12: 0.63 | I12: 0.25 | J12: 0.21 | K12: 0.09 | L12: 0.08 | M12: Medium | N12: Good
A13: 12 | B13: Ghost of Tsushima | C13: PS4 | D13: Action | E13: Sony Computer Entertainment | F13: 2020 | G13: 83 | H13: 0.99 | I13: 0.49 | J13: 0.22 | K13: 0.11 | L13: 0.17 | M13: Medium | N13: Good
... A1001: 1000 | B1001: Pro Adventure 1000 | C1001: PS3 | D1001: Platform | E1001: Sony Computer Entertainment | F1001: 2009 | G1001: 65 | H1001: 2.69 | I1001: 1.44 | J1001: 0.74 | K1001: 0.51 | L1001: 0 | M1001: High | N1001: Poor

Sheet Reference
A1: Platform | B1: Genre | C1: Publisher
A2: PS1 | B2: Action | C2: Sony Computer Entertainment
A3: PS2 | B3: Adventure | C3: Electronic Arts
A4: PS3 | B4: RPG | C4: Ubisoft
A5: PS4 | B5: Sports | C5: Activision
A6: PS5 | B6: Shooter | C6: Bandai Namco
A7: PSP | B7: Racing | C7: Capcom
A8: PS Vita | B8: Fighting | C8: Square Enix
B9: Strategy | C9: Take-Two Interactive
B10: Simulation | C10: Konami
B11: Platform | C11: Bethesda
